sample,percent,clade_contigs,direct_contigs,rank,taxid,taxon_name
Onset,100.0,812,0,R,1,root
Onset,100.0,812,0,R1,131567,cellular organisms
Onset,95.57,776,1,R2,2,Bacteria
Onset,87.93,714,0,K,1783272,Bacillati
Onset,87.93,714,0,P,1239,Bacillota
Onset,87.93,714,0,C,91061,Bacilli
Onset,87.93,714,0,O,186826,Lactobacillales
Onset,87.93,714,0,F,1300,Streptococcaceae
Onset,87.93,714,28,G,1301,Streptococcus
Onset,78.08,634,507,S,1304,Streptococcus salivarius
Onset,9.36,76,76,S1,347253,Streptococcus salivarius JIM8777
Onset,3.2,26,26,S1,1048332,Streptococcus salivarius CCHSS3
Onset,3.08,25,25,S1,1046629,Streptococcus salivarius 57.I
Onset,4.93,40,1,G1,2608887,unclassified Streptococcus
Onset,1.97,16,16,S,1839799,Streptococcus sp. FDAARGOS_192
Onset,0.99,8,8,S,1316411,Streptococcus sp. HSISS2
Onset,0.49,4,4,S,2975324,Streptococcus sp. FSL R7-0248
Onset,0.49,4,4,S,2954545,Streptococcus sp. FSL W7-1342
Onset,0.49,4,4,S,1316412,Streptococcus sp. HSISS3
Onset,0.12,1,1,S,2954513,Streptococcus sp. FSL K6-1323
Onset,0.12,1,1,S,2610896,Streptococcus sp. LPB0220
Onset,0.12,1,1,S,3074854,Streptococcus sp. SN-1
Onset,0.49,4,4,S,1343,Streptococcus vestibularis
Onset,0.37,3,3,S,1308,Streptococcus thermophilus
Onset,0.12,1,1,S,3098075,Streptococcus dentalis
Onset,0.12,1,1,S,150055,Streptococcus lutetiensis
Onset,0.12,1,0,G1,119603,Streptococcus dysgalactiae group
Onset,0.12,1,1,S,1334,Streptococcus dysgalactiae
Onset,0.12,1,0,S,1318,Streptococcus parasanguinis
Onset,0.12,1,1,S1,1114965,Streptococcus parasanguinis FW213
Onset,0.12,1,1,S,113107,Streptococcus australis
Onset,7.51,61,0,K,3379134,Pseudomonadati
Onset,7.51,61,0,P,1224,Pseudomonadota
Onset,7.51,61,0,C,1236,Gammaproteobacteria
Onset,7.51,61,0,O,72274,Pseudomonadales
Onset,7.51,61,0,F,135621,Pseudomonadaceae
Onset,7.51,61,1,G,286,Pseudomonas
Onset,7.39,60,0,G1,136841,Pseudomonas aeruginosa group
Onset,7.39,60,39,S,287,Pseudomonas aeruginosa
Onset,0.86,7,0,S1,208964,Pseudomonas aeruginosa PAO1
Onset,0.86,7,7,S2,1147787,Pseudomonas aeruginosa PAO1H2O
Onset,0.86,7,7,S1,798130,Pseudomonas aeruginosa 39016
Onset,0.25,2,2,S1,1352354,Pseudomonas aeruginosa PAO581
Onset,0.25,2,2,S1,1280938,Pseudomonas aeruginosa B136-33
Onset,0.12,1,1,S1,1415629,Pseudomonas aeruginosa MTB-1
Onset,0.12,1,1,S1,1009714,Pseudomonas aeruginosa PAK
Onset,0.12,1,1,S1,1193501,Pseudomonas aeruginosa SJTD-1
Onset,4.43,36,0,R2,2759,Eukaryota
Onset,4.43,36,0,R3,33154,Opisthokonta
Onset,4.43,36,0,K,33208,Metazoa
Onset,4.43,36,0,K1,6072,Eumetazoa
Onset,4.43,36,0,K2,33213,Bilateria
Onset,4.43,36,0,K3,33511,Deuterostomia
Onset,4.43,36,0,P,7711,Chordata
Onset,4.43,36,0,P1,89593,Craniata
Onset,4.43,36,0,P2,7742,Vertebrata
Onset,4.43,36,0,P3,7776,Gnathostomata
Onset,4.43,36,0,P4,117570,Teleostomi
Onset,4.43,36,0,P5,117571,Euteleostomi
Onset,4.43,36,0,P6,8287,Sarcopterygii
Onset,4.43,36,0,P7,1338369,Dipnotetrapodomorpha
Onset,4.43,36,0,P8,32523,Tetrapoda
Onset,4.43,36,0,P9,32524,Amniota
Onset,4.43,36,0,C,40674,Mammalia
Onset,4.43,36,0,C1,32525,Theria
Onset,4.43,36,0,C2,9347,Eutheria
Onset,4.43,36,0,C3,1437010,Boreoeutheria
Onset,4.43,36,0,C4,314146,Euarchontoglires
Onset,4.43,36,0,O,9443,Primates
Onset,4.43,36,0,O1,376913,Haplorrhini
Onset,4.43,36,0,O2,314293,Simiiformes
Onset,4.43,36,0,O3,9526,Catarrhini
Onset,4.43,36,0,O4,314295,Hominoidea
Onset,4.43,36,0,F,9604,Hominidae
Onset,4.43,36,0,F1,207598,Homininae
Onset,4.43,36,0,G,,Host-classified
Onset,4.43,36,36,S,,Host-classified
Resolution,0.12,3,3,U,0,unclassified
Resolution,99.88,2478,0,R,1,root
Resolution,99.88,2478,0,R1,131567,cellular organisms
Resolution,99.88,2478,1,R2,2,Bacteria
Resolution,92.62,2298,0,K,3379134,Pseudomonadati
Resolution,92.62,2298,0,P,1224,Pseudomonadota
Resolution,92.62,2298,0,C,1236,Gammaproteobacteria
Resolution,92.62,2298,0,O,72274,Pseudomonadales
Resolution,92.62,2298,0,F,135621,Pseudomonadaceae
Resolution,92.62,2298,191,G,286,Pseudomonas
Resolution,84.56,2098,11,G1,136841,Pseudomonas aeruginosa group
Resolution,84.12,2087,2043,S,287,Pseudomonas aeruginosa
Resolution,0.56,14,1,S1,208964,Pseudomonas aeruginosa PAO1
Resolution,0.52,13,13,S2,1147787,Pseudomonas aeruginosa PAO1H2O
Resolution,0.36,9,9,S1,798130,Pseudomonas aeruginosa 39016
Resolution,0.12,3,3,S1,1448140,Pseudomonas aeruginosa YL84
Resolution,0.12,3,3,S1,1280938,Pseudomonas aeruginosa B136-33
Resolution,0.08,2,2,S1,652611,Pseudomonas aeruginosa PA14
Resolution,0.08,2,2,S1,1415629,Pseudomonas aeruginosa MTB-1
Resolution,0.08,2,2,S1,1352354,Pseudomonas aeruginosa PAO581
Resolution,0.08,2,2,S1,1089456,Pseudomonas aeruginosa NCGM2.S1
Resolution,0.04,1,1,S1,1457392,Pseudomonas aeruginosa PA96
Resolution,0.04,1,1,S1,1427342,Pseudomonas aeruginosa SCV20265
Resolution,0.04,1,1,S1,1408271,Pseudomonas aeruginosa LES400
Resolution,0.04,1,1,S1,1352355,Pseudomonas aeruginosa c7447m
Resolution,0.04,1,1,S1,1193501,Pseudomonas aeruginosa SJTD-1
Resolution,0.04,1,1,S1,1081927,Pseudomonas aeruginosa PA103
Resolution,0.04,1,1,S1,1009714,Pseudomonas aeruginosa PAK
Resolution,0.16,4,0,G1,196821,unclassified Pseudomonas
Resolution,0.04,1,1,S,75692,Pseudomonas sp. 273
Resolution,0.04,1,1,S,2895495,Pseudomonas sp. B21-056
Resolution,0.04,1,1,S,2653853,Pseudomonas sp. SCB32
Resolution,0.04,1,1,S,2983246,Pseudomonas sp. SO81
Resolution,0.08,2,0,G1,136845,Pseudomonas putida group
Resolution,0.04,1,1,S,47885,Pseudomonas oryzihabitans
Resolution,0.04,1,1,S,2078786,Pseudomonas inefficax
Resolution,0.04,1,1,S,2448482,Pseudomonas leptonychotis
Resolution,0.04,1,0,G1,136849,Pseudomonas syringae group
Resolution,0.04,1,0,S,251699,Pseudomonas syringae group genomosp. 7
Resolution,0.04,1,1,S1,251654,Pseudomonas syringae pv. helianthi
Resolution,0.04,1,1,S,2762576,Pseudomonas baltica
Resolution,6.97,173,0,K,1783272,Bacillati
Resolution,6.97,173,0,P,1239,Bacillota
Resolution,6.93,172,0,C,91061,Bacilli
Resolution,6.93,172,0,O,186826,Lactobacillales
Resolution,6.93,172,0,F,1300,Streptococcaceae
Resolution,6.93,172,1,G,1301,Streptococcus
Resolution,6.49,161,0,G1,671232,Streptococcus anginosus group
Resolution,6.37,158,109,S,1338,Streptococcus intermedius
Resolution,1.21,30,30,S1,862967,Streptococcus intermedius B196
Resolution,0.77,19,19,S1,862966,Streptococcus intermedius C270
Resolution,0.08,2,2,S,76860,Streptococcus constellatus
Resolution,0.04,1,0,S,1328,Streptococcus anginosus
Resolution,0.04,1,1,S1,862970,Streptococcus anginosus C1051
Resolution,0.16,4,2,S,1318,Streptococcus parasanguinis
Resolution,0.04,1,1,S1,760570,Streptococcus parasanguinis ATCC 15912
Resolution,0.04,1,1,S1,1114965,Streptococcus parasanguinis FW213
Resolution,0.12,3,0,G1,2608887,unclassified Streptococcus
Resolution,0.08,2,2,S,2763068,Streptococcus sp. NSJ-72
Resolution,0.04,1,1,S,2598457,Streptococcus sp. KS 6
Resolution,0.04,1,1,S,1304,Streptococcus salivarius
Resolution,0.04,1,1,S,1309,Streptococcus mutans
Resolution,0.04,1,1,S,2781599,Streptococcus oriscaviae
Resolution,0.04,1,0,C,909932,Negativicutes
Resolution,0.04,1,0,O,1843489,Veillonellales
Resolution,0.04,1,0,F,31977,Veillonellaceae
Resolution,0.04,1,1,G,29465,Veillonella
Resolution,0.24,6,0,K,3384189,Fusobacteriati
Resolution,0.24,6,0,P,32066,Fusobacteriota
Resolution,0.24,6,0,C,203490,Fusobacteriia
Resolution,0.24,6,0,O,203491,Fusobacteriales
Resolution,0.24,6,0,F,203492,Fusobacteriaceae
Resolution,0.24,6,0,G,848,Fusobacterium
Resolution,0.2,5,5,S,76857,Fusobacterium polymorphum
Resolution,0.04,1,1,S,2663009,Fusobacterium pseudoperiodonticum
